session_id,subject_id,trial_index,travel_time_ms,error_px,sub_movement_count,angle_of_approach_deg,hover_dwell_ms,avg_velocity,avg_acceleration,avg_jerk
session_003,candidate_09,1,1435.8,3.83971,6,-114,250,461,-2635,69271
session_003,candidate_09,2,791.3,10.0941,5,-65,250,942,-944,-122961
session_003,candidate_09,3,876.8,5.11715,9,97,283,630,-426,19565
session_003,candidate_09,4,792.5,8.52446,5,-139,200,836,257,38426
session_003,candidate_09,5,775.2,4.32694,4,-152,213,571,-1251,37538
session_003,candidate_09,6,1008.7,11.1202,10,116,449,605,1622,-12486
session_003,candidate_09,7,741.9,13.268,4,-34,300,501,-965,-9510
session_003,candidate_09,8,775.5,5.68908,3,89,166,593,-1059,-42010
session_003,candidate_09,9,1041,15.3162,5,-4,567,363,-160,-246
session_003,candidate_09,10,959.1,11.9226,4,49,400,1311,-1133,147649
session_003,candidate_09,11,775.2,14.3992,6,170,383,244,-225,-9027
session_003,candidate_09,12,758.8,12.0992,6,-29,200,489,-245,46778
session_003,candidate_09,13,908.8,8.60457,3,-155,482,504,-38,-44152
session_003,candidate_09,14,1325.7,6.80234,5,-137,901,281,-311,-20013
session_003,candidate_09,15,624.9,7.77183,3,-122,183,343,-602,-36633
session_003,candidate_09,16,742.8,10.4464,7,170,199,512,-424,3846
session_003,candidate_09,17,1025.6,10.6184,3,-23,534,472,-387,-73593
session_003,candidate_09,18,941.6,18.153,6,-22,183,882,-207,-1925
session_003,candidate_09,19,676.8,7.43773,8,-33,284,422,-20,33929
session_003,candidate_09,20,1024.9,16.7671,5,172,266,699,-1236,-90173
session_003,candidate_09,21,724.8,4.66613,5,-155,250,561,-89,-69546
session_003,candidate_09,22,975.8,16.1881,9,-132,500,741,138,37462
session_003,candidate_09,23,991.9,7.4759,7,-138,433,566,174,-28947
session_003,candidate_09,24,975.2,12.9113,8,-126,249,532,-150,-23091
session_003,candidate_09,25,1027.2,15.1321,7,-125,283,711,-364,80844
session_009,candidate_01,1,3600.8,2.27591,6,-132,416,601,-9866,267254
session_009,candidate_01,2,1091.8,15.6404,3,-28,483,821,-563,-61778
session_009,candidate_01,3,992.1,17.2703,4,-174,150,976,-1199,-66406
session_009,candidate_01,4,1091.9,13.4476,8,5,332,201,-829,-50595
session_009,candidate_01,5,958.7,5.97582,6,-65,433,572,-2626,154296
session_009,candidate_01,6,808.1,9.50143,4,-134,301,544,-938,-114177
session_009,candidate_01,7,975.2,17.368,3,-115,333,861,-1536,-212871
session_009,candidate_01,8,941.6,15.6956,4,-117,216,509,-2782,-74962
session_009,candidate_01,9,758.7,16.825,1,98,333,384,1256,-297603
session_009,candidate_01,10,958.9,11.53,3,167,266,766,-1929,-110168
session_009,candidate_01,11,725.9,21.2234,1,-53,217,703,-1085,-147867
session_009,candidate_01,12,991.4,17.7384,7,-35,283,709,-597,-17510
session_009,candidate_01,13,891.8,18.5171,3,-71,217,780,-1918,-84877
session_009,candidate_01,14,841.4,20.6575,2,-106,383,993,-78,-88493
session_009,candidate_01,15,1725.5,9.02936,9,180,951,992,-2936,14172
session_009,candidate_01,16,1058.8,10.5361,6,76,250,698,709,-123108
session_009,candidate_01,17,742.5,3.61453,1,-169,317,264,-1153,-111106
session_009,candidate_01,18,1792.1,9.72415,5,-102,434,732,-2666,-120990
session_009,candidate_01,19,1275.1,9.01899,5,-138,367,763,178,-131730
session_009,candidate_01,20,1058.6,14.4759,4,-105,433,332,548,-102073
session_009,candidate_01,21,1008.6,14.9349,5,-122,299,740,-442,-146502
session_009,candidate_01,22,1192,7.32373,4,20,318,595,-768,-94900
session_009,candidate_01,23,1042.4,13.3875,4,-52,500,527,-777,-78656
session_009,candidate_01,24,908.5,17.8262,2,-97,183,563,-35,-61086
session_009,candidate_01,25,1124.5,17.5886,6,12,333,354,79,-43287
session_002,candidate_08,1,2848.1,12.4927,6,-125,316,1075,-2277,30504
session_002,candidate_08,2,1455.2,23.6158,10,178,317,934,-848,-127918
session_002,candidate_08,3,1060.6,21.8612,4,-96,217,457,-1849,54208
session_002,candidate_08,4,1857.5,6.18582,3,-121,917,1026,-764,-159895
session_002,candidate_08,5,1008.7,6.60433,3,166,284,795,1779,-65183
session_002,candidate_08,6,1089.3,5.44648,1,40,400,397,-2245,-62291
session_002,candidate_08,7,1225.5,4.19376,4,-30,483,745,-1189,-146747
session_002,candidate_08,8,1207.8,10.4094,7,-51,233,764,-3397,-130869
session_002,candidate_08,9,1143.2,10.1656,4,-45,433,594,-2765,-77714
session_002,candidate_08,10,1041.6,16.7201,4,-54,367,959,95,-123414
session_002,candidate_08,11,1225.3,16.1308,2,-1,415,1013,-6389,-143018
session_002,candidate_08,12,1190.2,3.31533,4,-91,600,573,-636,-9245
session_002,candidate_08,13,1308.9,18.5543,7,-119,166,685,-1802,-39181
session_002,candidate_08,14,1474.9,13.3338,5,-141,517,1027,-2597,-50284
session_002,candidate_08,15,1043.4,9.37839,4,-180,317,363,-369,15089
session_002,candidate_08,16,1072,7.6115,2,122,416,658,-170,59980
session_002,candidate_08,17,911.2,5.46611,1,-150,117,869,-3314,48416
session_002,candidate_08,18,906.2,8.09421,0,-9,134,518,760,-12412
session_002,candidate_08,19,1008.9,13.1184,1,-31,199,688,-5262,-122549
session_002,candidate_08,20,873.7,9.50254,1,139,167,565,-2371,-104083
session_002,candidate_08,21,827.1,12.0756,0,-147,116,357,-2777,-282139
session_002,candidate_08,22,1289.9,8.86043,5,-163,501,967,-257,-159568
session_002,candidate_08,23,1110.6,5.70444,3,-17,233,1079,-414,20595
session_002,candidate_08,24,1105.7,14.6184,6,-25,350,607,-2099,-18091
session_002,candidate_08,25,1048.6,5.74801,4,80,250,620,1037,-163958
session_001,candidate_03,1,2292.1,13.2695,2,-159,400,313,-3957,-89284
session_001,candidate_03,2,989.9,16.4776,8,-114,351,1074,-1841,-16132
session_001,candidate_03,3,959.6,9.06974,6,-94,267,1585,-1763,-171804
session_001,candidate_03,4,1070.2,3.47508,4,-44,617,1311,-4056,6970
session_001,candidate_03,5,954.4,7.86105,6,-133,333,1214,-447,-26503
session_001,candidate_03,6,880.5,7.03226,6,-54,351,1120,-2404,-30362
session_001,candidate_03,7,793.4,14.6423,3,68,316,1150,-3767,-98160
session_001,candidate_03,8,767.8,6.75643,4,176,267,539,140,-11065
session_001,candidate_03,9,751,7.76001,5,130,234,592,-2011,-30449
session_001,candidate_03,10,690.3,20.9874,5,24,333,807,-742,-7807
session_001,candidate_03,11,918.4,3.56733,6,-78,433,515,655,-33380
session_001,candidate_03,12,830.3,8.02152,4,-3,134,508,-377,-44466
session_001,candidate_03,13,1001.8,22.3245,6,-177,300,1016,-1203,-22357
session_001,candidate_03,14,777.4,11.8217,2,-12,166,924,-3017,-153383
session_001,candidate_03,15,920.1,19.0415,4,117,384,1407,-910,-26741
session_001,candidate_03,16,708,4.41882,4,-81,234,950,-389,-30124
session_001,candidate_03,17,732.1,36.0898,3,38,201,976,-2626,-169194
session_001,candidate_03,18,982.9,2.21055,5,-132,282,1375,-4642,-62451
session_001,candidate_03,19,760.1,15.5631,7,84,384,779,-2983,-35852
session_001,candidate_03,20,685,14.025,2,29,383,987,757,-1414
session_001,candidate_03,21,877.6,6.16284,5,-3,184,649,-1689,-87035
session_001,candidate_03,22,1016.3,18.1285,5,162,151,538,-1458,-147333
session_001,candidate_03,23,818.2,15.9873,5,102,284,959,-1391,-4125
session_001,candidate_03,24,716.3,13.4903,7,71,516,254,-126,-3302
session_001,candidate_03,25,641.9,11.0999,1,110,134,506,-3753,-75129
session_010,candidate_06,1,8618.5,19.9686,27,152,1749,839,-981,-141576
session_010,candidate_06,2,1552.2,10.1219,14,-5,167,368,-613,3599
session_010,candidate_06,3,853.8,6.6509,6,6,418,688,-560,-47937
session_010,candidate_06,4,703.3,2.58395,5,44,334,741,-3011,-75420
session_010,candidate_06,5,1095.6,7.20227,12,-173,267,712,-1112,-10724
session_010,candidate_06,6,607.8,14.1584,4,54,234,1345,-4253,-52404
session_010,candidate_06,7,805.6,9.84618,7,-22,318,434,-1417,-30139
session_010,candidate_06,8,980.8,6.45866,6,2,284,1279,-3730,-57646
session_010,candidate_06,9,769.5,10.5308,4,-54,200,775,-8112,20559
session_010,candidate_06,10,739.1,12.5355,4,-136,284,591,-1227,34306
session_010,candidate_06,11,822.6,20.7417,4,-71,83,572,-1753,-115857
session_010,candidate_06,12,674,7.66487,5,172,301,557,-1857,45166
session_010,candidate_06,13,1367.8,30.0538,8,-50,717,569,-74,-11476
session_010,candidate_06,14,913.3,7.30054,8,150,167,705,-236,-48966
session_010,candidate_06,15,1063.2,15.0447,9,153,417,562,-1100,32000
session_010,candidate_06,16,880.8,6.01872,4,-3,251,688,-1048,-7552
session_010,candidate_06,17,896.5,14.9284,3,-30,168,754,-4365,41550
session_010,candidate_06,18,874.5,11.5678,7,-31,200,925,-2906,1757
session_010,candidate_06,19,869.9,9.80343,5,66,199,1114,-3337,-43412
session_010,candidate_06,20,707,17.7112,4,-159,150,1186,-1549,48232
session_010,candidate_06,21,938.9,6.70401,6,-15,251,661,-1067,-9955
session_010,candidate_06,22,835.3,24.3336,2,-24,284,1512,-4073,-227933
session_010,candidate_06,23,752.2,5.80539,3,-125,200,1610,-2164,-147671
session_010,candidate_06,24,971.2,27.0354,8,-111,300,858,-854,-30631
session_010,candidate_06,25,1461.6,19.7939,6,-114,228,2179,-5543,-67172
session_004,candidate_05,1,1529.4,4.89075,2,-122,215,102,-1896,82839
session_004,candidate_05,2,1119.8,7.06138,2,52,199,645,-10247,87716
session_004,candidate_05,3,1219.8,6.67194,10,24,266,620,-1373,-44101
session_004,candidate_05,4,1101.9,12.2057,6,-75,383,964,-5150,-184863
session_004,candidate_05,5,1114.2,17.0253,10,160,200,978,-2336,-116367
session_004,candidate_05,6,1220.5,11.9921,9,-176,332,954,-3620,93445
session_004,candidate_05,7,1188.2,13.1518,10,177,299,642,-3100,79473
session_004,candidate_05,8,1187.9,6.21941,8,-149,333,376,-1674,15526
session_004,candidate_05,9,1174.6,6.71139,5,-28,466,452,-1996,70260
session_004,candidate_05,10,1042.4,3.7414,4,35,234,1084,-5117,-3352
session_004,candidate_05,11,1075.8,2.74123,6,78,317,840,-4602,123475
session_004,candidate_05,12,1187.6,7.17867,9,-55,433,799,-3490,-65987
session_004,candidate_05,13,1009.2,11.5465,6,-166,249,913,-1880,-91026
session_004,candidate_05,14,1486.8,6.08982,8,-49,716,1129,-6211,-113240
session_004,candidate_05,15,1135,17.4684,10,-11,398,730,-1368,20203
session_004,candidate_05,16,982.2,20.4412,8,106,167,827,-2816,2562
session_004,candidate_05,17,1241.2,6.74167,7,-166,417,472,-1892,33474
session_004,candidate_05,18,1202.2,4.57482,5,-169,517,393,-1067,15464
session_004,candidate_05,19,1141.2,13.1864,7,115,466,384,-231,-78724
session_004,candidate_05,20,1313.5,14.5439,7,40,467,1308,-5643,24805
session_004,candidate_05,21,1115.4,15.4818,8,95,349,423,-1927,87643
session_004,candidate_05,22,1062.5,10.9877,5,64,200,756,-4284,-92390
session_004,candidate_05,23,1095.6,5.15766,10,136,249,633,-4707,133125
session_004,candidate_05,24,1081.8,7.7818,5,20,283,843,-4854,43531
session_004,candidate_05,25,1275.2,12.6713,9,49,466,711,-2318,12330
session_006,candidate_09,1,1672.7,5.53236,5,0,450,788,-96,-27027
session_006,candidate_09,2,939.7,18.0502,6,3,317,360,-378,4523
session_006,candidate_09,3,825.1,1.33528,6,-101,267,453,709,-8061
session_006,candidate_09,4,775.9,16.4906,5,140,317,844,-1437,-6559
session_006,candidate_09,5,991.8,19.3604,5,167,200,792,-1645,-59301
session_006,candidate_09,6,740.8,17.1347,5,-129,200,696,-70,-27096
session_006,candidate_09,7,942.8,1.98332,13,-175,267,750,-430,7560
session_006,candidate_09,8,1124.5,7.76342,7,-48,401,875,-427,-4536
session_006,candidate_09,9,742.4,6.63526,5,113,300,528,-892,-74247
session_006,candidate_09,10,958.5,16.2742,8,161,250,725,-388,-3355
session_006,candidate_09,11,825.2,8.47973,6,25,350,786,-92,4839
session_006,candidate_09,12,691.5,4.0225,7,-160,234,684,-34,-77485
session_006,candidate_09,13,958.9,5.16711,10,131,233,600,19,-6106
session_006,candidate_09,14,825.5,3.68923,4,-77,217,843,-899,-4369
session_006,candidate_09,15,1076.4,21.0764,8,77,200,839,-1330,-4871
session_006,candidate_09,16,1092.5,0.330314,4,81,500,650,-527,55395
session_006,candidate_09,17,942.2,11.4324,6,139,249,988,672,13339
session_006,candidate_09,18,991.8,10.0552,5,164,617,458,-1224,-52017
session_006,candidate_09,19,907.8,19.8219,4,10,317,651,-2224,-30401
session_006,candidate_09,20,924.4,10.047,10,-93,250,1183,-402,-115746
session_006,candidate_09,21,825.8,11.6285,6,-144,267,828,-1024,6107
session_006,candidate_09,22,826.3,5.91387,7,115,317,597,-287,-10758
session_006,candidate_09,23,942.6,0.413337,5,-112,228,885,-6232,-209205
session_006,candidate_09,24,1358.3,7.93735,4,-105,550,885,-1711,-88894
session_006,candidate_09,25,673.9,11.3013,3,-125,284,728,-875,-57130
session_005,candidate_04,1,2596.8,6.4787,4,28,489,521,-3383,-34796
session_005,candidate_04,2,1408.2,5.40082,4,59,133,976,-7056,-30631
session_005,candidate_04,3,1581.5,16.249,5,130,155,1143,-3454,-55455
session_005,candidate_04,4,1247.1,2.15837,1,160,266,171,-2974,-30307
session_005,candidate_04,5,1770.8,7.07114,4,1,367,1795,-20211,159105
session_005,candidate_04,6,1546.2,13.805,3,135,312,602,-3125,-607
session_005,candidate_04,7,1646.5,4.96367,6,-128,232,712,-4085,-56831
session_005,candidate_04,8,1388.4,17.5584,4,135,312,352,-2233,-28815
session_005,candidate_04,9,1550.7,7.17621,7,-91,356,641,-2066,5031
session_005,candidate_04,10,1484.2,3.48754,5,81,257,749,-1731,21620
session_005,candidate_04,11,1401.5,13.683,4,-126,200,672,-3741,6089
session_005,candidate_04,12,1227.3,15.3323,1,149,368,1322,-8666,-343879
session_005,candidate_04,13,1292.1,9.23508,2,69,223,1289,-2313,-104414
session_005,candidate_04,14,1418.6,5.00221,3,-82,176,1154,-11543,-16525
session_005,candidate_04,15,1656.3,12.4302,3,7,746,489,-2683,2312
session_005,candidate_04,16,1303.2,5.66745,6,97,346,639,-3290,84141
session_005,candidate_04,17,1545.1,11.4002,2,-162,499,1093,-3552,-75371
session_005,candidate_04,18,1271.6,17.0311,4,48,132,791,-3010,18783
session_005,candidate_04,19,1388.2,16.4931,5,-133,211,777,-9017,112029
session_005,candidate_04,20,1507.4,7.8318,6,58,367,600,-1722,-2478
session_005,candidate_04,21,1374.6,12.758,6,9,210,731,-1942,-3108
session_005,candidate_04,22,1436.1,22.0023,4,24,167,892,-1785,14221
session_005,candidate_04,23,1893.7,11.4816,4,-67,812,360,-2037,23321
session_005,candidate_04,24,1481.8,15.9317,5,-150,322,678,-47,-18782
session_005,candidate_04,25,1789.9,7.46102,6,-86,768,484,-1901,2929
session_007,candidate_02,1,2832.8,13.306,6,-125,433,302,-2122,-109227
session_007,candidate_02,2,1015.4,8.884,8,168,483,805,-1863,-31748
session_007,candidate_02,3,1008.8,1.63124,6,-152,534,564,-4858,-267114
session_007,candidate_02,4,881.7,5.36201,5,-124,400,471,649,-45041
session_007,candidate_02,5,1049.8,8.38023,6,-148,617,283,-1094,-62628
session_007,candidate_02,6,1004.3,4.35484,10,-67,367,391,-1496,-76409
session_007,candidate_02,7,956.2,10.1203,7,119,449,360,-3301,59080
session_007,candidate_02,8,931.2,19.3439,3,172,468,425,-4487,45708
session_007,candidate_02,9,862.3,3.33296,6,-101,344,1034,-2581,-234170
session_007,candidate_02,10,858.3,6.18082,6,-175,434,262,-4052,39548
session_007,candidate_02,11,880.1,4.99821,5,175,350,400,-6514,71857
session_007,candidate_02,12,1067,8.2913,7,41,450,337,-6644,282876
session_007,candidate_02,13,849.5,12.9239,1,146,300,552,-4277,-51509
session_007,candidate_02,14,863.8,4.87785,6,-21,382,191,-4054,214579
session_007,candidate_02,15,764.9,16.5097,5,54,350,484,-7135,81503
session_007,candidate_02,16,784.3,11.0889,4,106,350,877,-7580,101818
session_007,candidate_02,17,685.1,17.9972,1,22,166,593,-836,-151575
session_007,candidate_02,18,1153.3,6.65408,10,-177,485,668,-1456,-94840
session_007,candidate_02,19,710.3,1.94251,4,-151,299,822,-1272,-90204
session_007,candidate_02,20,853.3,4.67661,7,-94,283,653,-4922,109421
session_007,candidate_02,21,925.8,12.5912,10,-177,465,547,-935,-137922
session_007,candidate_02,22,915.6,10.4663,6,122,482,965,-10457,-408499
session_007,candidate_02,23,981.6,3.82669,11,149,333,802,12,-74712
session_007,candidate_02,24,900.8,3.58141,3,145,450,584,-128,-165439
session_007,candidate_02,25,707.4,12.0156,3,130,217,663,-5837,24380
session_008,candidate_07,1,2543.3,12.8223,7,-127,233,878,-7254,59442
session_008,candidate_07,2,931.6,18.1979,2,-135,183,1416,-5537,-347627
session_008,candidate_07,3,1186.9,4.02878,7,-121,517,608,-1282,-70429
session_008,candidate_07,4,814.5,5.10452,7,-73,383,298,-509,-15363
session_008,candidate_07,5,881.5,11.4976,4,53,200,606,-2074,-184901
session_008,candidate_07,6,722.1,8.66272,6,58,267,415,-458,-32174
session_008,candidate_07,7,857,9.72314,4,96,100,920,-9690,-14961
session_008,candidate_07,8,955.8,9.02775,5,-35,367,614,-2011,-116845
session_008,candidate_07,9,881.9,1.19234,4,-159,66,1165,-1560,-195425
session_008,candidate_07,10,570.2,10.6803,2,-44,350,390,-5750,165506
session_008,candidate_07,11,736.3,21.7139,5,172,383,647,-4137,-36385
session_008,candidate_07,12,966.1,10.5822,4,-169,150,783,-3430,-258703
session_008,candidate_07,13,779.6,18.7586,5,-110,250,902,-126,-9230
session_008,candidate_07,14,1279.9,24.0143,6,-173,533,902,-2215,-50856
session_008,candidate_07,15,1472.6,15.4261,11,5,250,1104,4417,-170681
session_008,candidate_07,16,834.7,4.48528,5,-46,133,662,411,-77136
session_008,candidate_07,17,885.8,9.63226,6,-93,134,931,-1448,-178237
session_008,candidate_07,18,1093.5,8.92386,8,-138,350,1067,-3538,-57666
session_008,candidate_07,19,760.2,16.721,4,86,250,1462,-8945,-14235
session_008,candidate_07,20,851.8,3.35534,4,-28,167,1097,-2756,-64842
session_008,candidate_07,21,1333.3,18.4933,9,-88,683,400,-3504,-76927
session_008,candidate_07,22,852.3,7.26036,2,69,150,1106,261,16942
session_008,candidate_07,23,886.4,4.457,6,-154,283,1168,-8998,-178272
session_008,candidate_07,24,1158.4,8.51794,9,2,434,978,-3980,-29089
session_008,candidate_07,25,964.2,4.71897,4,-133,334,1386,-2988,-105329
