sample_id,session_id,subject_id,window_index,key_dwell_ms_mean,key_dwell_ms_std,key_dwell_ms_p10,key_dwell_ms_p50,key_dwell_ms_p90,key_dwell_ms_iqr,key_iki_ms_mean,key_iki_ms_std,key_iki_ms_p10,key_iki_ms_p50,key_iki_ms_p90,key_iki_ms_iqr,key_flight_ms_mean,key_flight_ms_std,key_flight_ms_p10,key_flight_ms_p50,key_flight_ms_p90,key_flight_ms_iqr,key_backspace_rate,key_shift_rate,key_space_rate,key_special_rate,typing_wpm,mouse_speed_mean,mouse_speed_std,mouse_speed_p10,mouse_speed_p50,mouse_speed_p90,mouse_speed_iqr,mouse_acceleration_mean,mouse_acceleration_std,mouse_acceleration_p10,mouse_acceleration_p50,mouse_acceleration_p90,mouse_acceleration_iqr,mouse_turn_mean,mouse_turn_std,mouse_turn_p10,mouse_turn_p50,mouse_turn_p90,mouse_turn_iqr,mouse_pause_ratio,dot_travel_time_ms_mean,dot_travel_time_ms_std,dot_travel_time_ms_p10,dot_travel_time_ms_p50,dot_travel_time_ms_p90,dot_travel_time_ms_iqr,dot_error_px_mean,dot_error_px_std,dot_error_px_p10,dot_error_px_p50,dot_error_px_p90,dot_error_px_iqr,dot_sub_movement_count_mean,dot_sub_movement_count_std,dot_sub_movement_count_p10,dot_sub_movement_count_p50,dot_sub_movement_count_p90,dot_sub_movement_count_iqr,dot_hover_dwell_ms_mean,dot_hover_dwell_ms_std,dot_hover_dwell_ms_p10,dot_hover_dwell_ms_p50,dot_hover_dwell_ms_p90,dot_hover_dwell_ms_iqr,dot_avg_velocity_mean,dot_avg_velocity_std,dot_avg_velocity_p10,dot_avg_velocity_p50,dot_avg_velocity_p90,dot_avg_velocity_iqr,dot_avg_acceleration_mean,dot_avg_acceleration_std,dot_avg_acceleration_p10,dot_avg_acceleration_p50,dot_avg_acceleration_p90,dot_avg_acceleration_iqr,dot_avg_jerk_mean,dot_avg_jerk_std,dot_avg_jerk_p10,dot_avg_jerk_p50,dot_avg_jerk_p90,dot_avg_jerk_iqr,drag_duration_ms_mean,drag_duration_ms_std,drag_duration_ms_p10,drag_duration_ms_p50,drag_duration_ms_p90,drag_duration_ms_iqr,drag_sub_movement_count_mean,drag_sub_movement_count_std,drag_sub_movement_count_p10,drag_sub_movement_count_p50,drag_sub_movement_count_p90,drag_sub_movement_count_iqr,drag_hover_dwell_ms_mean,drag_hover_dwell_ms_std,drag_hover_dwell_ms_p10,drag_hover_dwell_ms_p50,drag_hover_dwell_ms_p90,drag_hover_dwell_ms_iqr,drag_avg_velocity_mean,drag_avg_velocity_std,drag_avg_velocity_p10,drag_avg_velocity_p50,drag_avg_velocity_p90,drag_avg_velocity_iqr,drag_avg_acceleration_mean,drag_avg_acceleration_std,drag_avg_acceleration_p10,drag_avg_acceleration_p50,drag_avg_acceleration_p90,drag_avg_acceleration_iqr,drag_avg_jerk_mean,drag_avg_jerk_std,drag_avg_jerk_p10,drag_avg_jerk_p50,drag_avg_jerk_p90,drag_avg_jerk_iqr,drag_success_rate,track_sinusoidal_sample_error_px_mean,track_sinusoidal_sample_error_px_std,track_sinusoidal_sample_error_px_p10,track_sinusoidal_sample_error_px_p50,track_sinusoidal_sample_error_px_p90,track_sinusoidal_sample_error_px_iqr,track_random_walk_sample_error_px_mean,track_random_walk_sample_error_px_std,track_random_walk_sample_error_px_p10,track_random_walk_sample_error_px_p50,track_random_walk_sample_error_px_p90,track_random_walk_sample_error_px_iqr
session_003_window_1,session_003,candidate_09,1,107.183,27.6934,73.01,107.85,135.96,37.3,174.818,145.818,78.7,137.8,283.2,84.75,67.6607,149.831,-35.1,30,196.2,98,0.0235849,0,0.160377,0,56.2806,524.381,581.668,34.3043,395.303,1066.83,576.213,-104.541,15732.4,-10434.1,-178.53,11384.9,6758.9,0.134278,0.360081,0,0.0355361,0.251214,0.0865851,0.0751252,934.32,253.25,781.64,792.5,1212.2,85.5,6.38047,2.47612,4.0346,5.11715,9.46623,4.19752,5.8,1.72047,4.4,5,7.8,1,239.2,29.5797,205.2,250,269.8,37,688,176.069,505,630,899.6,265,-999.8,964.25,-2081.4,-944,-16.2,825,8367.8,67581.4,-65950.6,37538,56933,18861,690.9,74.3,631.46,690.9,750.34,74.3,4.5,1.5,3.3,4.5,5.7,1.5,225.5,41.5,192.3,225.5,258.7,41.5,1132,217,958.4,1132,1305.6,217,-1788.5,1202.5,-2750.5,-1788.5,-826.5,1202.5,43724,136810,-65724,43724,153172,136810,1,83.7709,80.5466,14.6539,57.8055,172.495,59.0025,19.4587,13.4364,8.8671,14.4775,49.5961,11.7632
session_003_window_2,session_003,candidate_09,2,104.267,29.6035,68.3,100.9,140.1,34.35,187.933,149.526,84.39,146.6,320.37,95.425,83.7233,151.902,-31.05,36.35,232.49,110.45,0.0331754,0,0.161137,0,51.6901,459.69,307.029,68.2541,456.964,826.839,429.588,85.6959,8324.57,-6640.27,-3.05398e-05,6653.56,5484.13,0.0795429,0.261569,0,0.0128422,0.110221,0.0530772,0.048414,905.24,122.921,755.34,959.1,1028.08,233.2,11.4632,3.21781,7.86154,11.9226,14.4969,2.14775,5.2,2.48193,3.4,4,8,1,376.4,135.839,219.6,400,519.8,149,674.6,329.769,418.2,593,1028.6,104,-339,1040.99,-1103.4,-965,909.2,899,16679.4,66963.4,-30200.4,-9510,88491,12240,750.7,15.4,738.38,750.7,763.02,15.4,3,1,2.2,3,3.8,1,281,2,279.4,281,282.6,2,1160.5,85.5,1092.1,1160.5,1228.9,85.5,-871.5,914.5,-1603.1,-871.5,-139.9,914.5,-56874.5,33735.5,-83862.9,-56874.5,-29886.1,33735.5,1,38.5525,18.9911,13.862,34.3365,63.2827,27.6846,15.5972,7.69717,6.73988,13.6772,27.533,10.174
session_003_window_3,session_003,candidate_09,3,110.16,31.642,73.98,107.65,149.81,37.4,258.079,1252.69,83.2,131.2,272.2,80.85,56.2411,130.836,-39.66,17.5,165.82,92,0.0471698,0,0.179245,0,35.9198,149.86,212.587,14.5022,68.1803,448.828,118.695,21.4683,4257.03,-2917.03,-34.4275,2754.21,2051.52,0.24142,0.475934,0,0.0583882,0.777543,0.245639,0.233723,878.68,240.922,678.46,775.2,1158.94,150,9.93543,2.85922,7.19014,8.60457,13.4792,4.32738,4.6,1.35647,3,5,6,3,429.8,261.022,189.8,383,733.4,282,372.2,106.413,258.8,343,498,208,-284.2,182.959,-485.6,-245,-112.8,86,-12609.4,32145.2,-41144.4,-20013,24456,27606,702.7,14.2,691.34,702.7,714.06,14.2,4.5,0.5,4.1,4.5,4.9,0.5,275,8,268.6,275,281.4,8,1070,83,1003.6,1070,1136.4,83,981.5,444.5,625.9,981.5,1337.1,444.5,-70690.5,64263.5,-122101,-70690.5,-19279.7,64263.5,1,42.4688,18.2067,20.6186,39.7148,68.0212,25.0671,14.4818,7.44816,4.67992,14.6345,24.274,11.8492
session_003_window_4,session_003,candidate_09,4,106.652,30.933,69.31,102.65,146.38,39.3,166.057,170.976,87.48,126.8,263.12,54.1,46.0208,107.502,-42.72,19.4,156.56,66.8,0.07109,0,0.194313,0,53.3379,256.465,542.352,14.2308,51.9216,723.458,134.252,124.999,13389.1,-3709.4,-7.91044,2567.39,1884.07,0.221501,0.42447,0,0.0477586,0.77788,0.244979,0.27212,882.34,145.655,703.2,941.6,1025.32,282.1,12.6845,4.08358,8.6412,10.6184,17.5986,6.32066,5.8,1.72047,3.8,6,7.6,2,293.2,126.354,189.4,266,434,85,597.4,170.354,442,512,808.8,227,-454.8,416.239,-911.2,-387,-94.8,217,-25583.2,47842,-83541,-1925,21895.8,77439,682.5,16,669.7,682.5,695.3,16,1.5,0.5,1.1,1.5,1.9,0.5,233.5,50.5,193.1,233.5,273.9,50.5,1114.5,22.5,1096.5,1114.5,1132.5,22.5,-323,1450,-1483,-323,837,1450,-33065,10777,-41686.6,-33065,-24443.4,10777,1,56.5388,24.3153,19.4376,61.8757,84.5845,40.8823,22.0787,12.358,7.26365,20.3405,39.9246,16.1699
session_003_window_5,session_003,candidate_09,5,110.419,31.5804,73.6,107.2,152.47,38.15,187.569,222.279,84,132.9,266.7,78.6,59.5524,167.561,-41.83,20.75,155.08,77.25,0.0471698,0,0.188679,0,48.5129,1066.76,1140.43,74.6986,542.875,2867.9,1474.2,-156.728,29056.1,-24705,-1161.88,27068.5,11194.4,0.128836,0.410317,0,0.035529,0.181873,0.0809002,0.0517529,938.98,108.742,824.96,975.8,1013.08,16.7,11.2747,4.46774,5.79004,12.9113,15.7657,7.6562,7.2,1.32665,5.8,7,8.6,1,343,103.763,249.4,283,473.2,183,622.2,86.0683,543.6,566,729,150,-58.2,197.636,-278.4,-89,159.6,288,-655.6,53187.9,-53306.4,-23091,63491.2,66409,683.85,32.35,657.97,683.85,709.73,32.35,3.5,0.5,3.1,3.5,3.9,0.5,315,34,287.8,315,342.2,34,1134,84,1066.8,1134,1201.2,84,-803,807,-1448.6,-803,-157.4,807,-60783.5,485.5,-61171.9,-60783.5,-60395.1,485.5,1,52.3145,35.6971,12.8758,46.8171,118.226,47.1565,15.2283,7.08224,5.52103,15.4011,25.0938,9.28166
session_009_window_1,session_009,candidate_01,1,75.4751,17.5788,53.48,75.8,96.76,21.5,216.896,190.83,87.54,166.4,414.36,107.8,131.892,144.787,8.56,95.85,342.31,112.875,0.0632184,0,0.16092,0,43.1735,544.066,658.172,17.1428,350.751,1383.16,576.962,270.318,18893.7,-13927.2,-150.67,15227.3,7827.97,0.151685,0.37532,0,0.0376851,0.286528,0.111818,0.116861,1547.06,1028.24,972.06,1091.8,2597.24,99.8,10.922,5.79936,3.75588,13.4476,16.6184,9.66457,5.4,1.74356,3.4,6,7.2,2,362.8,116.995,222.8,416,463,101,634.2,262.433,349.4,601,914,249,-3016.6,3497.89,-6970,-1199,-669.4,1797,48554.2,137281,-64554.8,-50595,222071,216074,1524.4,74.7,1464.64,1524.4,1584.16,74.7,9.5,1.5,8.3,9.5,10.7,1.5,934,1,933.2,934,934.8,1,597.5,2.5,595.5,597.5,599.5,2.5,-324,456,-688.8,-324,40.8,456,-32792,21891,-50304.8,-32792,-15279.2,21891,1,120.967,95.6753,40.8835,72.2743,298.957,145.788,18.7298,12.7284,5.79089,13.1548,41.0368,15.8139
session_009_window_2,session_009,candidate_01,2,79.5659,19.1632,59.02,78.5,99.48,21.8,254.295,250.183,100.94,182.1,461.88,136.2,162.582,196.076,23.54,104.5,384.27,132.65,0.0517241,0,0.143678,0.00574713,37.9151,598.258,638.711,35.7291,469.442,1132.03,506.08,291.637,18811.6,-13140.4,-197.722,14638.1,10213.1,0.102919,0.314155,0,0.0207246,0.140364,0.0694211,0.0868114,888.5,87.8691,778.46,941.6,968.68,150.8,14.184,3.11024,10.3128,15.6956,17.1508,5.29503,3,1.09545,1.8,3,4,1,289.8,44.4315,236,301,333,67,612.8,174.889,434,544,823,257,-1185.8,1359.9,-2440.8,-1536,378.4,991,-161956,81884.3,-263710,-114177,-89044.4,102703,1293.3,122.8,1195.06,1293.3,1391.54,122.8,4,1,3.2,4,4.8,1,779.5,46.5,742.3,779.5,816.7,46.5,816.5,16.5,803.3,816.5,829.7,16.5,-410.5,352.5,-692.5,-410.5,-128.5,352.5,-25305.5,8722.5,-32283.5,-25305.5,-18327.5,8722.5,1,44.1241,31.2669,13.4396,37.6755,80.543,35.4437,13.1107,6.83876,5.22087,12.1364,22.1405,8.85722
session_009_window_3,session_009,candidate_01,3,78.4592,19.6706,58.93,75.8,99.74,21.025,245.134,799.268,90.98,148.7,326.66,95.8,166.562,799.099,9.06,77.2,256.34,102.2,0.0689655,0,0.172414,0,37.3513,119.297,179.649,14.3543,62.2757,251.999,98.6494,9.88774,3573.92,-2391.16,-48.9472,2166.28,1669.55,0.246754,0.446208,0,0.0881497,0.770064,0.290494,0.262104,1035.2,355.59,772.1,891.8,1431.86,150,17.4332,4.39669,12.513,18.5171,20.9971,2.91916,4.4,3.07246,1.4,3,8.2,5,410.2,277.141,217,283,723.8,166,835.4,131.101,705.4,780,992.6,283,-1322.8,1008.91,-2528.8,-1085,-285.6,1321,-64915,57161.9,-124117,-84877,1499.2,70983,1307.95,8.45,1301.19,1307.95,1314.71,8.45,4,0,4,4,4,0,862.5,146.5,745.3,862.5,979.7,146.5,736,57,690.4,736,781.6,57,96,113,5.6,96,186.4,113,-59970.5,45751.5,-96571.7,-59970.5,-23369.3,45751.5,1,51.4066,25.6607,16.9781,52.4852,87.3888,26.7917,13.8377,7.65481,4.99137,12.099,26.3837,7.3496
session_009_window_4,session_009,candidate_01,4,77.5762,18.5081,57.15,76.5,99.59,20.675,199.974,206.101,77.86,140.3,389.76,97.2,106.189,146.871,-24.3,72.1,285,96.2,0.0517241,0,0.178161,0,46.48,507.55,1080.43,15.242,128.3,1471.19,317.743,98.235,24695.1,-7912.94,-229.63,6436.91,3218.13,0.181089,0.344681,0,0.0504718,0.486501,0.186976,0.188648,1185.42,347.677,868.94,1058.8,1585.3,216.5,9.47394,3.48569,5.77631,9.72415,12.9,1.51716,4.2,1.72047,2.2,5,5.6,1,360.2,70.4312,276.8,367,433.6,116,557.8,214.202,291.2,698,750.6,400,-476.8,1275.53,-2060.8,178,644.6,1701,-117801,10242.5,-128281,-120990,-105686,12002,1475.1,75.4,1414.78,1475.1,1535.42,75.4,6,1,5.2,6,6.8,1,1000,33,973.6,1000,1026.4,33,770,34,742.8,770,797.2,34,-256,271,-472.8,-256,-39.2,271,-36035,8310,-42683,-36035,-29387,8310,1,125.023,141.98,14.1156,80.0916,358.418,124.367,16.6408,8.17981,6.59691,15.8368,26.3317,9.34232
session_009_window_5,session_009,candidate_01,5,78.3699,21.6036,56.82,74.8,103.36,21.7,206.586,146.577,90.2,150.3,412.62,110.6,128.216,147.872,-2.98,82.7,334.9,97.5,0.195402,0,0.155172,0,37.2698,915.368,1460.03,15.4599,241.593,3174.99,964.095,459.615,44274.2,-19805.6,-541.463,20197.6,7269.27,0.154627,0.358894,0,0.0569864,0.299067,0.114329,0.140234,1055.2,97.3376,948.54,1042.4,1165,115.9,14.2122,3.824,9.74923,14.9349,17.7312,4.20114,4.2,1.32665,2.8,4,5.6,1,326.6,101.553,229.4,318,433.2,34,555.8,124.154,423.2,563,682,68,-388.6,358.143,-773.4,-442,33.4,733,-84886.2,35305.9,-125861,-78656,-50406.6,33814,1199.75,66.75,1146.35,1199.75,1253.15,66.75,4,0,4,4,4,0,708,59,660.8,708,755.2,59,769,61,720.2,769,817.8,61,1300.5,969.5,524.9,1300.5,2076.1,969.5,-52158,8767,-59171.6,-52158,-45144.4,8767,1,81.4474,53.6578,19.2417,74.6409,161.954,84.1842,19.8057,9.13109,6.92284,20.9435,31.0677,13.0609
session_002_window_1,session_002,candidate_08,1,78.8847,17.5714,63.36,75.5,99.2,16.9,284.33,254.304,132.6,190.6,593.2,118.9,205.451,257.959,42,122.2,523.1,128.675,0.00729927,0,0.167883,0,35.0669,471.401,396.24,52.0833,409.088,961.062,452.804,107.604,12001.9,-10099.4,-11.6679,9463,6906.58,0.106871,0.351732,0,0.0207789,0.150046,0.0717494,0.0584307,1646.02,674.541,1029.46,1455.2,2451.86,796.9,14.152,7.37802,6.35323,12.4927,22.914,15.2568,5.2,2.63818,3,4,8.4,3,410.2,255.992,243.8,316,677,33,857.4,221.746,592.2,934,1055.4,231,-791.8,1409.71,-2105.8,-848,761.8,1085,-53656.8,84441.7,-147104,-65183,44726.4,158422,1307.55,124.85,1207.67,1307.55,1407.43,124.85,5.5,0.5,5.1,5.5,5.9,0.5,550,150,430,550,670,150,723,57,677.4,723,768.6,57,-295.5,313.5,-546.3,-295.5,-44.7,313.5,-34329.5,5050.5,-38369.9,-34329.5,-30289.1,5050.5,1,194.446,126.89,41.0598,179.308,365.446,208.635,17.4413,16.0636,6.53331,12.467,49.2062,8.07335
session_002_window_2,session_002,candidate_08,2,80.5949,17.5281,64.65,77.95,101.75,18.775,271.422,196.612,128.38,217.2,543.76,107.3,190.981,199.36,50.48,137.5,462.92,106.85,0.0147059,0,0.169118,0,36.3517,404.007,349.115,29.7868,338.565,897.21,486.933,62.4948,10708.5,-9514.78,-79.843,9597.97,5891.27,0.128139,0.345643,0,0.0204442,0.284577,0.0833718,0.101836,1141.48,69.5118,1060.68,1143.2,1218.42,118.5,9.38707,4.42547,4.69485,10.1656,14.1959,4.96297,4,1.89737,2.2,4,5.8,0,383.2,84.3146,286.6,400,463,66,691.8,187.569,475.8,745,881,170,-1900.2,1232.38,-3144.2,-2245,-418.6,1576,-108207,32460,-140396,-123414,-68460.2,53155,1268.1,195.2,1111.94,1268.1,1424.26,195.2,3.5,1.5,2.3,3.5,4.7,1.5,634,216,461.2,634,806.8,216,905.5,121.5,808.3,905.5,1002.7,121.5,-347,70,-403,-347,-291,70,-37829.5,4730.5,-41613.9,-37829.5,-34045.1,4730.5,1,36.4284,27.6664,5.72356,29.3838,82.4949,41.0994,14.9149,7.53774,5.95132,12.8871,25.4013,11.521
session_002_window_3,session_002,candidate_08,3,81.8832,21.1986,60.72,79.3,110.98,21.2,483.421,2792.41,112.95,187.3,435.45,109.975,401.912,2794.04,10.05,107.8,354.9,118.625,0.0510949,0,0.153285,0,19.7124,55.8101,51.7252,14.4159,41.7389,111.98,53.7992,4.45426,1571.36,-1319.61,-14.7879,1405.15,1223.03,0.273909,0.426631,0,0.117411,0.785398,0.336901,0.30384,1248.54,142.062,1102.12,1225.3,1408.5,118.7,12.1425,5.36648,5.74055,13.3338,17.5849,6.7524,4.4,1.62481,2.8,4,6.2,1,403,151.996,226.4,415,566.8,200,732.2,256.763,447,685,1021.4,440,-2358.6,2169.64,-4872.2,-1802,-475.8,1961,-45327.8,53959,-105924,-39181,5355.4,41039,1374.2,7.2,1368.44,1374.2,1379.96,7.2,7.5,1.5,6.3,7.5,8.7,1.5,456.5,56.5,411.3,456.5,501.7,56.5,684.5,0.5,684.1,684.5,684.9,0.5,-622.5,583.5,-1089.3,-622.5,-155.7,583.5,16622,17458,2655.6,16622,30588.4,17458,1,43.2591,34.1971,10.432,31.7867,107.445,30.6965,9.71174,5.38268,3.33082,8.71733,14.9492,7.30742
session_002_window_4,session_002,candidate_08,4,83.4778,20.5209,63.68,80.9,108.96,22.75,239.258,271.472,98,163.2,445.72,124.2,137.872,183.086,-4.58,85.3,338.55,114.325,0.0294118,0,0.161765,0,40.4956,506.945,843.154,16.1852,131.988,1704.25,464.095,88.8408,18778.6,-7314.66,-128.811,9661.63,3226.3,0.160568,0.337357,0,0.0448972,0.441967,0.137187,0.148581,954.4,74.1647,886.7,911.2,1046.76,102.7,8.75855,2.5361,6.32426,8.09421,11.672,1.89104,1,0.632456,0.4,1,1.6,0,206.6,108.419,123.8,167,329.2,65,659.6,121.373,536.8,658,796.6,123,-2071.4,2165.45,-4482.8,-2371,388,3144,-26129.6,75542.7,-115163,-12412,55354.4,152499,1040.25,125.85,939.57,1040.25,1140.93,125.85,4,1,3.2,4,4.8,1,483.5,99.5,403.9,483.5,563.1,99.5,1027.5,141.5,914.3,1027.5,1140.7,141.5,-238.5,196.5,-395.7,-238.5,-81.3,196.5,-33781.5,2949.5,-36141.1,-33781.5,-31421.9,2949.5,1,40.5931,27.5749,10.3805,34.6339,75.5084,34.7169,14.7879,7.01712,4.62406,15.5088,21.8539,9.45272
session_002_window_5,session_002,candidate_08,5,85.5679,21.4271,66.55,82.1,107.67,18.275,283.216,387.832,113.8,185.65,451.95,126.325,157.462,203.816,15.05,102.4,323.82,115.225,0.0218978,0,0.175182,0.00729927,33.9587,791.966,922.137,24.6233,360.505,2196.8,1241.61,-19.4532,24848.2,-13519,-520.429,14620.9,7313.29,0.109838,0.288631,0,0.0339661,0.205745,0.0734367,0.105175,1076.38,148.683,915.7,1105.7,1218.18,62,9.40138,3.51215,5.72187,8.86043,13.6013,6.3276,3.6,2.05913,1.2,4,5.6,2,290,129.032,162.8,250,440.6,117,726,262.392,457,620,1034.2,360,-902,1368.38,-2505.8,-414,519.4,1842,-120632,109487,-234867,-159568,5120.6,145867,1613.9,101.4,1532.78,1613.9,1695.02,101.4,5.5,1.5,4.3,5.5,6.7,1.5,708.5,191.5,555.3,708.5,861.7,191.5,683,42,649.4,683,716.6,42,-1189,1445,-2345,-1189,-33,1445,79652.5,87276.5,9831.3,79652.5,149474,87276.5,1,41.2593,26.3264,6.54122,41.8844,76.2549,36.2104,16.1158,6.49493,7.92268,16.175,24.4814,10.3995
session_001_window_1,session_001,candidate_03,1,,,,,,,,,,,,,,,,,,,,,,,,546.28,685.151,40.1426,355.03,1369.44,547.676,-34.4098,19330.9,-17171.4,-3.18663,18980.5,11122.5,0.25501,0.555947,0,0.0624164,0.707908,0.210188,0.0651085,1253.24,521.078,956.48,989.9,1803.34,110.6,10.0306,4.48685,5.22947,9.06974,15.1944,5.40849,5.2,2.03961,2.8,6,7.2,2,393.6,119.552,293.4,351,530.2,67,1099.4,427.267,617.4,1214,1475.4,237,-2412.8,1392.71,-4016.4,-1841,-973.4,2194,-59350.6,64632.8,-138796,-26503,-2270.8,73152,1436.05,192.95,1281.69,1436.05,1590.41,192.95,12,2,10.4,12,13.6,2,867,116,774.2,867,959.8,116,786,109,698.8,786,873.2,109,-652.5,222.5,-830.5,-652.5,-474.5,222.5,-9424.5,11548.5,-18663.3,-9424.5,-185.7,11548.5,1,82.9507,81.2093,15.5607,52.3055,178.513,88.2166,24.6677,16.0273,6.72432,20.3517,49.4007,20.7166
session_001_window_2,session_001,candidate_03,2,,,,,,,,,,,,,,,,,,,,,,,,536.333,409.88,78.8971,457.901,1114.5,561.094,77.7144,11800.6,-12731.6,-188.283,12564.2,10868.6,0.131142,0.338431,0,0.0263105,0.321746,0.103077,0.0283806,776.6,62.0612,714.58,767.8,845.66,42.4,11.4357,5.59132,6.86676,7.76001,18.4494,7.61,4.6,1.0198,3.4,5,5.6,1,300.2,43.3377,247.2,316,343.8,66,841.6,256,560.2,807,1138,528,-1756.8,1352.93,-3221.8,-2011,-212.8,1662,-35568.6,32686.8,-71075.6,-30362,-9110.2,19384,1070.75,147.25,952.95,1070.75,1188.55,147.25,9.5,1.5,8.3,9.5,10.7,1.5,541.5,126.5,440.3,541.5,642.7,126.5,847,163,716.6,847,977.4,163,-312,164,-443.2,-312,-180.8,164,12670.5,17296.5,-1166.7,12670.5,26507.7,17296.5,1,39.0833,28.6267,11.6935,33.1501,87.1494,34.5214,13.6323,5.28021,6.76685,13.1046,21.161,7.62384
session_001_window_3,session_001,candidate_03,3,,,,,,,,,,,,,,,,,,,,,,,,279.42,613.319,28.278,121.212,473.888,185.451,2813.51,46259.7,-7262.78,-119.419,9334.35,5943.35,0.370563,0.50434,0,0.197403,0.785421,0.439529,0.108514,889.6,78.0434,798.56,918.4,969.12,89.8,12.9553,6.90774,5.34901,11.8217,21.0113,11.02,4.4,1.49666,2.8,4,6,2,283.4,117.371,146.8,300,413.4,218,874,337.517,510.8,924,1250.6,501,-970.4,1203.36,-2291.4,-910,242.2,826,-56065.4,49226.1,-109816,-33380,-24110.6,17725,925.2,49.7,885.44,925.2,964.96,49.7,6,1,5.2,6,6.8,1,317.5,0.5,317.1,317.5,317.9,0.5,1104,29,1080.8,1104,1127.2,29,-581,376,-881.8,-581,-280.2,376,-2458,20220,-18634,-2458,13718,20220,1,42.9181,26.1298,10.7565,37.106,78.9199,37.8424,12.3406,7.56756,2.41908,11.43,23.3924,10.699
session_001_window_4,session_001,candidate_03,4,,,,,,,,,,,,,,,,,,,,,,,,520.92,710.473,28.3998,179.601,1648.93,620.798,515.316,17586.5,-12412.2,-163.022,18208.4,8985.33,0.284827,0.498043,0,0.110661,0.785398,0.31538,0.106845,773.62,107.577,694.2,732.1,893.78,52.1,14.4614,12.0011,3.09386,14.025,27.8791,11.1443,4.2,1.72047,2.4,4,6.2,2,296.8,75.3323,214.2,282,383.6,149,1013.4,195.864,847.4,976,1219.8,37,-1976.6,1925.2,-3978.4,-2626,298.6,2594,-59807,58029.6,-126497,-35852,-12898,32327,1133.6,13.6,1122.72,1133.6,1144.48,13.6,9.5,2.5,7.5,9.5,11.5,2.5,550,18,535.6,550,564.4,18,759,6,754.2,759,763.8,6,-229,179,-372.2,-229,-85.8,179,-4248.5,3281.5,-6873.7,-4248.5,-1623.3,3281.5,1,43.6271,26.0388,12.332,43.57,75.1725,43.4459,15.6051,8.36977,5.20514,14.7718,26.3337,12.4968
session_001_window_5,session_001,candidate_03,5,,,,,,,,,,,,,,,,,,,,,,,,936.258,1009.66,51.1813,584.747,2264.23,1388.51,257.695,24723.7,-22665.2,-350.803,22781.1,16401.2,0.213232,0.486408,0,0.058755,0.463648,0.169877,0.0517529,814.06,129.732,671.66,818.2,960.82,161.3,12.9738,4.14293,8.13767,13.4903,17.272,4.88738,4.6,1.95959,2.6,5,6.2,0,253.8,141.034,140.8,184,423.2,133,581.2,228.871,354.8,538,835,143,-1683.4,1170.05,-2927.4,-1458,-632,298,-63384.8,54527.5,-123214,-75129,-3631.2,82910,1103.85,27.85,1081.57,1103.85,1126.13,27.85,9.5,0.5,9.1,9.5,9.9,0.5,591.5,25.5,571.1,591.5,611.9,25.5,1023,61,974.2,1023,1071.8,61,-638,87,-707.6,-638,-568.4,87,-45111.5,18669.5,-60047.1,-45111.5,-30175.9,18669.5,1,49.2942,27.0957,9.50993,47.6771,87.2057,39.7179,14.7274,7.92485,3.64089,14.1036,24.2082,10.5428
session_010_window_1,session_010,candidate_06,1,91.5455,23.2996,71.12,83.4,118.38,24.6,198.958,156.926,106.45,163.6,285.9,66.05,107.062,158.552,6.5,76.75,194.5,88.2,0.038961,0,0.168831,0,48.4101,932.064,1243.35,40.3775,414.315,2563.64,1140.83,211.538,37596.6,-36581.1,-226.989,35343.5,19932.2,0.308356,0.542074,0,0.123004,0.785398,0.290507,0.0651085,2564.68,3040.52,763.5,1095.6,5791.98,698.4,9.30552,5.84838,4.21073,7.20227,16.0299,3.47095,12.8,7.88416,5.4,12,21.8,8,587,586.79,207,334,1216.6,151,669.6,159.307,496,712,799.8,53,-1255.4,902.69,-2251.4,-981,-581.2,499,-54411.6,51681.2,-115114,-47937,-2130.2,64696,1008.75,62.75,958.55,1008.75,1058.95,62.75,8,3,5.6,8,10.4,3,492.5,208.5,325.7,492.5,659.3,208.5,943,12,933.4,943,952.6,12,-1124,451,-1484.8,-1124,-763.2,451,-708.5,4665.5,-4440.9,-708.5,3023.9,4665.5,1,154.902,124.081,17.5802,132.557,352.842,169.807,17.7571,11.7592,6.75286,14.0202,38.1885,12.4331
session_010_window_2,session_010,candidate_06,2,86.2347,20.2502,67.72,84.1,106,19.5,202.388,151.319,110.24,166.3,325.18,73.75,102.704,96.7565,20.97,82.1,186.99,59.925,0.0921053,0,0.171053,0,44.2714,850.802,2589.22,70.6218,489.496,1336.39,596.188,11317.4,210337,-16479.5,-107.248,17075.4,12763.1,0.165418,0.437758,0,0.033209,0.380503,0.120627,0.0383973,780.56,120.341,660.32,769.5,910.72,66.5,10.7059,2.61061,7.81367,10.5308,13.5093,2.68936,5,1.26491,4,4,6.6,2,264,41.7421,213.6,284,304.4,50,884.8,365.725,496.8,775,1318.6,688,-3747.8,2493.55,-6568.4,-3730,-1303,2836,-17064.8,37738.9,-55549.2,-30139,28807.2,72963,1028.1,183,881.7,1028.1,1174.5,183,6.5,1.5,5.3,6.5,7.7,1.5,516.5,182.5,370.5,516.5,662.5,182.5,946.5,228.5,763.7,946.5,1129.3,228.5,-1101.5,581.5,-1566.7,-1101.5,-636.3,581.5,-24975,14354,-36458.2,-24975,-13491.8,14354,1,46.6231,32.7537,11.1936,37.8298,93.0998,50.6694,12.3943,7.34199,4.13857,11.3588,18.5853,8.12836
session_010_window_3,session_010,candidate_06,3,85.0413,17.453,68.48,81.2,103.76,16.45,273.066,338.317,110.15,169.95,549.65,114.525,142.432,192.633,17.63,92.4,315.05,86.45,0.0779221,0,0.194805,0,32.3809,412.511,496.87,41.4643,238.095,937.561,465.15,163.841,14488.1,-12130,-275.888,13150.3,9082.25,0.236551,0.491918,0,0.0555074,0.588009,0.265873,0.0550918,968.18,236.42,733.44,913.3,1245.96,240.6,16.1611,8.55489,7.44627,15.0447,26.3289,13.0768,6.8,1.93907,4.4,8,8.6,3,337,221.591,116.6,301,597,250,593,56.2459,559,569,651.8,10,-1004,741.964,-1815.4,-1100,-138.8,1517,-19826.6,58396.4,-89100.6,-11476,39899.6,80966,986.4,69.9,930.48,986.4,1042.32,69.9,7,1,6.2,7,7.8,1,484,100,404,484,564,100,991.5,88.5,920.7,991.5,1062.3,88.5,-91.5,231.5,-276.7,-91.5,93.7,231.5,-19565,14812,-31414.6,-19565,-7715.4,14812,1,48.1871,43.1515,9.00713,33.0206,128.035,45.5202,7.33936,3.79235,2.41871,7.24117,13.01,5.23749
session_010_window_4,session_010,candidate_06,4,94.7211,27.1335,67.15,86.8,131.3,28.3,187.971,138.423,93.6,164.2,260.6,83.25,93.2013,136.912,-20.16,78.1,167.16,93.5,0.0789474,0,0.157895,0,49.3694,411.65,717.342,20.3181,89.2661,1566.02,246.801,482.484,15338.7,-9192.18,-55.977,9541.64,5165.43,0.402301,0.609717,0,0.124357,1.10713,0.582662,0.131886,845.74,69.9506,772.16,874.5,890.22,10.9,12.0059,4.04921,7.53261,11.5678,16.5981,5.12494,4.6,1.35647,3.4,4,6.2,1,193.6,34.4128,157.2,199,230.6,32,933.4,194.37,714.4,925,1157.2,360,-2641,1204.73,-3953.8,-2906,-1248.4,1788,8115,33669.5,-29068,1757,45559.2,49102,1003.2,87,933.6,1003.2,1072.8,87,7.5,0.5,7.1,7.5,7.9,0.5,567,117,473.4,567,660.6,117,946.5,112.5,856.5,946.5,1036.5,112.5,119,312,-130.6,119,368.6,312,-55955.5,40137.5,-88065.5,-55955.5,-23845.5,40137.5,1,29.6065,21.9184,4.79499,24.0329,56.831,27.0693,14.4634,6.36485,7.1732,13.5409,24.4146,9.8467
session_010_window_5,session_010,candidate_06,5,88.4763,17.9185,71.45,86.75,109.35,18.65,202.237,165.62,92.2,147.45,394.7,102.575,101.532,129.033,9.02,59.7,285.86,89.3,0.103896,0,0.181818,0,42.1601,987.999,1113.55,40.2582,479.485,2784.66,1381.68,458.438,27552,-26966.6,-210.091,26757.8,17399.9,0.205473,0.429493,0,0.0597839,0.521805,0.147821,0.0717863,991.84,247.32,785.44,938.9,1265.44,135.9,16.7345,8.86872,6.16483,19.7939,25.9547,17.6296,5,2.19089,2.4,6,7.2,3,252.6,36.3516,211.2,251,293.6,56,1364,547.154,739.8,1512,1951.4,752,-2740.2,1806.73,-4955,-2164,-939.2,3006,-96672.4,80724,-195828,-67172,-18225.4,117040,985.95,106.05,901.11,985.95,1070.79,106.05,7,0,7,7,7,0,500,16,487.2,500,512.8,16,1156,250,956,1156,1356,250,-162,307,-407.6,-162,83.6,307,-61172,2554,-63215.2,-61172,-59128.8,2554,1,33.6578,20.7129,9.20822,28.2525,62.6789,30.8874,11.6859,5.53123,4.41167,10.749,19.3674,9.2946
session_004_window_1,session_004,candidate_05,1,121.554,45.4868,73.91,118.2,173.19,58,194.972,125.74,96.44,163.7,288.18,85.9,73.3128,129.161,-47.82,41.7,224.56,125.75,0.0555556,0,0.161111,0,48.4815,473.207,421.367,47.1906,393.801,959.913,451.55,142.043,16868.3,-19610.8,-174.784,17992.4,16562.1,0.187927,0.373037,0,0.0623556,0.463648,0.185348,0.0651085,1217.02,161.781,1106.82,1119.8,1405.56,105.6,9.57102,4.45232,5.60322,7.06138,15.0975,5.53381,6,3.57771,2,6,10,8,252.6,69.6236,199.4,215,336.2,66,661.8,318.343,309.2,645,972.4,344,-4200.4,3293.74,-8208.2,-2336,-1582.2,3254,-34955.2,107803,-157465,-44101,85765.2,199206,1325.4,79.5,1261.8,1325.4,1389,79.5,15.5,2.5,13.5,15.5,17.5,2.5,744,127,642.4,744,845.6,127,878,13,867.6,878,888.4,13,-2351,1027,-3172.6,-2351,-1529.4,1027,-13903,26705,-35267,-13903,7461,26705,1,75.7433,78.2801,19.097,44.4141,155.415,52.0978,19.6479,12.1413,7.37142,17.0605,44.0277,14.457
session_004_window_2,session_004,candidate_05,2,124.366,48.9519,76.65,117.05,187.31,48.375,209.468,119.976,100.68,179.1,353.58,121.45,85.1173,124.106,-42.4,68.4,230.96,126.75,0.138889,0,0.15,0,40.6456,489.247,315.043,117.509,441.176,915.452,385.651,117.102,16307.4,-20450.9,-71.5161,19995.5,20469.4,0.123172,0.305197,0,0.0475831,0.259437,0.132552,0.0300501,1162.72,62.032,1095.28,1187.9,1207.58,13.6,8.36322,3.59958,4.7326,6.71139,12.6879,5.77265,7.2,2.31517,4.4,8,9.6,4,332.8,75.6925,260,332,412.8,34,701.6,276.334,406.4,642,1032,502,-3101.4,1232.15,-4518.2,-3100,-1802.8,1624,51070.4,37936.1,4199.2,70260,87856.2,63947,1043.85,182.45,897.89,1043.85,1189.81,182.45,12.5,1.5,11.3,12.5,13.7,1.5,599,233,412.6,599,785.4,233,997.5,74.5,937.9,997.5,1057.1,74.5,-2785.5,1332.5,-3851.5,-2785.5,-1719.5,1332.5,-21264.5,94286.5,-96693.7,-21264.5,54164.7,94286.5,1,32.0558,16.6126,14.5592,28.5201,57.1309,26.1635,18.1008,10.3947,6.29193,15.2238,31.5847,14.9387
session_004_window_3,session_004,candidate_05,3,121.348,44.55,72.08,113.1,177.16,59,354.827,2053.52,96.6,178.6,331.88,102.75,79.7146,124.806,-52.29,71.95,225.61,129.125,0.0888889,0,0.15,0,25.884,207.08,239.711,15.1057,120.482,571.084,225.269,344.904,12932.2,-9879.04,-28.3251,9464.66,6329.82,0.264342,0.495341,0,0.0430113,0.785398,0.2783,0.183639,1178.88,165.065,1035.84,1135,1367.12,111.8,9.00493,5.08247,4.08066,7.17867,15.0997,5.45672,7.8,1.6,6,8,9.6,3,422.6,160.053,276.2,398,602.8,116,882.2,136.914,757.6,840,1042.6,114,-3510.2,1773.88,-5567.4,-3490,-1572.8,2722,-25315,87078.5,-104354,-65987,82166.2,111229,1100.3,52.6,1058.22,1100.3,1142.38,52.6,8,1,7.2,8,8.8,1,542,109,454.8,542,629.2,109,985,53,942.6,985,1027.4,53,-3431,173,-3569.4,-3431,-3292.6,173,-163967,4626,-167668,-163967,-160266,4626,1,31.6363,15.0423,14.3559,31.3342,52.6867,20.9868,17.2116,7.98137,6.22746,16.8098,29.0342,7.51719
session_004_window_4,session_004,candidate_05,4,119.37,37.8609,74.5,117.7,166.88,54.45,203.616,143.948,109.94,172,333.86,87.2,77.2697,120.101,-37.42,53.1,215.02,104.725,0.0555556,0,0.177778,0,45.4356,371.025,761.172,15.0966,81.5217,1094.85,258.997,891.045,28592.9,-12806.2,-18.3722,10930.1,4326.67,0.351265,0.554183,0,0.0618832,1.16389,0.463648,0.205342,1176.06,111.905,1045.8,1202.2,1284.58,100,11.8976,5.68969,5.44156,13.1864,18.0823,7.8022,6.8,0.979796,5.8,7,7.6,0,406.8,124.001,267,466,497,50,676.8,354.737,387.6,472,1115.6,434,-2329.8,1865.74,-4512.2,-1892,-565.4,1749,-483.8,40442,-46209.6,15464,30006.4,22243,1132.55,86.35,1063.47,1132.55,1201.63,86.35,9.5,0.5,9.1,9.5,9.9,0.5,768.5,70.5,712.1,768.5,824.9,70.5,1087.5,38.5,1056.7,1087.5,1118.3,38.5,-5501,2480,-7485,-5501,-3517,2480,61906.5,65538.5,9475.7,61906.5,114337,65538.5,1,29.6257,17.6276,11.1003,26.8299,49.5268,20.7838,15.1575,6.3169,7.70912,14.5644,24.2168,10.1331
session_004_window_5,session_004,candidate_05,5,119.696,39.7675,77.5,114.2,167.94,49.275,202.436,166.939,88.82,163.9,321.22,97.55,75.9646,147.056,-46.58,55.05,216.07,125.25,0.0833333,0,0.166667,0,44.3756,1044.74,1386.42,38.895,492.406,2994.54,1244.81,1867.66,52172,-43056.1,-428.881,50740.9,25558.2,0.251405,0.5083,0,0.0688565,0.717842,0.172597,0.0734558,1126.1,76.5284,1070.22,1095.6,1211.28,33.6,10.416,3.62393,6.20731,10.9877,14.3576,4.88952,7.4,2.05913,5,8,9.6,4,309.4,92.0926,219.6,283,419.2,100,673.2,142.361,507,711,808.2,123,-3618,1241.5,-4795.2,-4284,-2083.4,2389,36847.8,76416.8,-50502,43531,114932,75313,1455.5,49.5,1415.9,1455.5,1495.1,49.5,17,0,17,17,17,0,959,107,873.4,959,1044.6,107,690.5,60.5,642.1,690.5,738.9,60.5,-2203.5,651.5,-2724.7,-2203.5,-1682.3,651.5,-47392.5,7443.5,-53347.3,-47392.5,-41437.7,7443.5,1,33.8931,22.1053,7.50692,27.1983,68.5326,36.7154,13.2672,5.07302,6.14153,13.636,19.3608,7.62183
session_006_window_1,session_006,candidate_09,1,106.186,25.3436,76.32,104.6,136,29.5,187.171,178.803,79.08,139.3,293.22,92.3,76.0232,166.739,-34.3,28,200.7,103,0.0280374,0,0.154206,0,52.6745,445.285,271.522,68.7574,438.525,811.246,359.755,6.05124,8264.99,-8644.45,27.0128,8178.09,6281.84,0.0776828,0.291433,0,0.00795822,0.129669,0.0605059,0.0300501,1041.04,325.152,795.58,939.7,1400.34,166.7,12.1538,7.29923,3.01412,16.4906,18.8363,12.5178,5.4,0.489898,5,5,6,1,310.2,82.0327,226.8,317,396.8,50,647.4,199.86,397.2,788,823.2,339,-569.4,872.318,-1561.8,-378,387,1341,-19285,22432,-46391.4,-8061,90.2,20468,741.55,9.05,734.31,741.55,748.79,9.05,3.5,2.5,1.5,3.5,5.5,2.5,275,25,255,275,295,25,1091.5,78.5,1028.7,1091.5,1154.3,78.5,-736,302,-977.6,-736,-494.4,302,-52685.5,12170.5,-62421.9,-52685.5,-42949.1,12170.5,1,75.5978,66.9614,24.8534,59.9612,128.523,42.8797,20.9877,13.005,6.87416,17.6825,38.133,18.42
session_006_window_2,session_006,candidate_09,2,99.8159,23.9163,72.86,101.25,123.47,30.75,197.982,208.661,81.34,144.05,313.46,96.6,89.3164,165.601,-17.58,34.5,223.04,100.4,0.0186047,0,0.162791,0,49.8487,390.783,263.256,58.3719,377.237,715.214,417.424,-70.4878,6942.81,-6399.94,-80.7574,6074.45,4976.76,0.104888,0.321146,0,0.0195091,0.209358,0.0700537,0.0383973,901.8,145.479,741.44,942.8,1058.1,216.1,9.95818,5.84555,3.84409,7.76342,16.7905,9.63896,7.6,2.93939,5,7,11,3,283.6,67.0003,220,267,360.6,50,714.8,111.584,595.2,725,825,54,-441.4,262.361,-707.2,-427,-197.2,42,-20334.8,29217.4,-55386.6,-4536,3194,23741,681.9,66,629.1,681.9,734.7,66,2,1,1.2,2,2.8,1,200,34,172.8,200,227.2,34,1171,162,1041.4,1171,1300.6,162,-38.5,140.5,-150.9,-38.5,73.9,140.5,-49508.5,57117.5,-95202.5,-49508.5,-3814.5,57117.5,1,46.8894,30.6115,9.31983,40.1419,93.5535,50.6178,15.261,5.29228,7.8304,15.4326,23.1463,6.40411
session_006_window_3,session_006,candidate_09,3,98.8805,24.4277,71.57,97.65,127.52,25.525,201.456,364.251,86.46,134.5,281.28,72.8,84.2043,332.276,-15.88,30.1,178.02,79.5,0.0373832,0,0.205607,0,45.0244,70.5086,57.2948,15.3596,53.0879,137.555,58.8432,3.58349,1855.15,-1719.74,-14.8467,1703.9,1824.02,0.224936,0.354314,0,0.0924359,0.643059,0.320782,0.166945,875.5,131.303,744.98,825.5,1029.4,133.7,8.487,6.51867,3.82254,5.16711,16.0377,4.45723,7,2,4.8,7,9.2,2,246.8,53.0713,206.8,233,303.6,17,750.4,94.574,633.6,786,841.4,155,-467.2,546.937,-1157.6,-92,-2.2,865,-17598.4,30195.8,-48933.4,-4871,1155.8,1737,666.9,0.3,666.66,666.9,667.14,0.3,4,1,3.2,4,4.8,1,165.5,17.5,151.5,165.5,179.5,17.5,1160,5,1156,1160,1164,5,1222,632,716.4,1222,1727.6,632,-61383.5,7815.5,-67635.9,-61383.5,-55131.1,7815.5,1,46.2883,20.2949,21.9429,43.3854,78.1793,27.7735,21.4651,15.0556,7.48932,16.5284,43.3817,18.0253
session_006_window_4,session_006,candidate_09,4,100.294,25.4828,70.44,99.4,133.8,29.6,159.278,149.167,77.84,125.4,235.6,64.875,52.3505,115.339,-30.67,20.35,140.94,69,0.0232558,0,0.209302,0,57.3851,325.923,681.855,21.1301,84.5129,1032.45,160.257,136.45,13706.4,-4486.28,-20.6512,3829.64,2427.21,0.189185,0.316538,0,0.078774,0.466464,0.237872,0.123539,971.74,66.6144,914.44,942.2,1052.22,67.4,10.3374,6.18807,4.21697,10.0552,16.4661,1.38539,5.8,2.22711,4,5,8.4,2,386.6,147.229,249.4,317,570.2,250,786,261.808,534.8,651,1105,338,-741,958.109,-1824,-527,242.4,822,-25886,58177.7,-90254.4,-30401,38572.6,65356,642.35,7.85,636.07,642.35,648.63,7.85,3,1,2.2,3,3.8,1,233,67,179.4,233,286.6,67,1134,145,1018,1134,1250,145,232,115,140,232,324,115,-20926,35049,-48965.2,-20926,7113.2,35049,0,49.4504,27.4772,18.1203,45.1219,94.8354,44.9903,18.731,6.75173,8.30293,18.7264,26.4763,8.96541
session_006_window_5,session_006,candidate_09,5,102.647,28.8299,68.83,98.9,141.48,33.2,162.944,124.868,83.18,127.7,279.84,82.8,54.9387,101.345,-25.04,27.35,161.52,85.65,0.0140187,0,0.186916,0,58.7778,1023.73,1120.08,76.0599,599.821,2838.28,1095.17,660.132,31486.5,-23245.8,-1122.31,28353.4,13999,0.135992,0.384301,0,0.0451156,0.217719,0.0905047,0.0367279,925.38,232.676,734.66,826.3,1192.02,116.8,7.43887,4.10861,2.61355,7.93735,11.4976,5.38741,5,1.41421,3.4,5,6.6,2,329.2,114.066,243.6,284,456.8,50,784.6,109.947,649.4,828,885,157,-2025.8,2151.4,-4423.6,-1024,-522.2,836,-71976,76397.7,-161081,-57130,-639,78136,707.6,8.9,700.48,707.6,714.72,8.9,2.5,0.5,2.1,2.5,2.9,0.5,316.5,50.5,276.1,316.5,356.9,50.5,1054,94,978.8,1054,1129.2,94,-84.5,692.5,-638.5,-84.5,469.5,692.5,-90751,24810,-110599,-90751,-70903,24810,1,42.7651,20.2391,17.6467,40.0259,73.2913,26.7429,16.357,8.2311,5.57613,18.6561,25.5671,15.9377
session_005_window_1,session_005,candidate_04,1,102.248,35.5847,71.01,97.05,151.15,50.375,320.833,286.773,119.05,231.9,671.64,183.25,203.103,230.882,10.74,132,546.42,203.25,0.072,0,0.168,0,28.6552,1068.7,1363.56,68.6205,587.316,2539.56,1161.52,3519.72,108909,-86288.2,-571.315,94070.4,34227.5,0.204749,0.479545,0,0.0767719,0.351657,0.128038,0.0634391,1720.88,471.464,1311.54,1581.5,2266.4,362.6,7.4716,4.70547,3.45535,6.4787,12.5778,1.67032,3.6,1.35647,2.2,4,4.6,0,282,133.162,141.8,266,440.2,212,921.2,554.74,311,976,1534.2,622,-7415.6,6565.6,-14949,-3454,-3137.6,3673,1583.2,79302.8,-47191.4,-30631,83340.2,4489,1088.5,63.4,1037.78,1088.5,1139.22,63.4,8,1,7.2,8,8.8,1,599.5,21.5,582.3,599.5,616.7,21.5,805.5,31.5,780.3,805.5,830.7,31.5,-1690.5,899.5,-2410.1,-1690.5,-970.9,899.5,-52812.5,19225.5,-68192.9,-52812.5,-37432.1,19225.5,1,141.49,107.866,24.011,101.328,307.363,190.066,31.7637,17.809,9.81167,31.71,56.7499,32.4574
session_005_window_2,session_005,candidate_04,2,113.674,29.5936,77.18,107.1,156.22,42.8,294.594,173.873,144.46,244.4,516.13,155.975,180.93,185.141,24.23,141.7,413.46,179.875,0.024,0,0.168,0,33.1785,673.494,669.109,69.7309,470.36,1560.56,787.631,2358.41,50813.7,-57502.6,-592.328,64912,20721,0.160609,0.402283,0,0.0603743,0.321751,0.141897,0.0617696,1523.2,85.0649,1426.72,1546.2,1608.18,66.5,9.39817,5.39531,4.078,7.17621,16.057,8.84136,5,1.41421,3.4,5,6.6,2,293.8,44.0563,242,312,338.4,55,611.2,139.504,452,641,734.2,110,-2648,853.737,-3701,-2233,-1865,1059,-11920.4,27722.5,-45624.6,-607,14984.4,33846,845.6,31.8,820.16,845.6,871.04,31.8,4.5,0.5,4.1,4.5,4.9,0.5,371.5,26.5,350.3,371.5,392.7,26.5,1171.5,19.5,1155.9,1171.5,1187.1,19.5,-3373.5,817.5,-4027.5,-3373.5,-2719.5,817.5,-169740,119558,-265387,-169740,-74093.7,119558,1,89.2935,55.0698,23.6673,79.1794,176.74,84.0705,24.5223,13.7758,10.0966,20.7236,43.1981,18.5792
session_005_window_3,session_005,candidate_04,3,106.344,27.3464,78.3,104.35,143.75,30.9,380.98,1088.68,145.66,220.4,510.69,122.575,259.306,1081.08,27.74,114.2,414.68,132.75,0.016,0,0.184,0,25.4014,407.215,437.624,34.2624,275.424,989.461,429.413,2272.9,37924.4,-16684.8,-220.228,27035.9,6911.61,0.185522,0.423465,0,0.0570808,0.44178,0.156602,0.0868114,1399.16,146.63,1253.22,1401.5,1561.22,126.5,11.1365,3.66081,6.69536,12.4302,14.6726,4.4479,2.6,1.0198,1.4,3,3.6,1,342.6,212.495,185.6,223,594.8,168,985.2,340.156,562.2,1154,1308.8,617,-5789.2,3669.05,-10392.2,-3741,-2461,5983,-91283.4,132520,-248093,-16525,4578.2,106726,842.45,22.25,824.65,842.45,860.25,22.25,3.5,0.5,3.1,3.5,3.9,0.5,388,22,370.4,388,405.6,22,1224,105,1140,1224,1308,105,-2891.5,70.5,-2947.9,-2891.5,-2835.1,70.5,-186833,30832,-211499,-186833,-162167,30832,1,66.5206,39.3785,14.5299,70.3878,120.426,71.4046,20.1134,10.5853,5.19458,21.0876,34.2821,19.7923
session_005_window_4,session_005,candidate_04,4,109.057,29.8957,82.7,104.6,148.2,28.4,315.681,307.412,137.92,222.4,506.06,131.675,160.814,177.579,19.77,109.05,345.53,136.025,0.024,0,0.2,0,29.7361,715.95,1172.99,19.8663,201.794,2286.87,653.376,2559.23,80251.9,-52997.9,-140.144,55061.7,5170.34,0.227123,0.420242,0,0.0743549,0.54042,0.255485,0.138564,1403.1,108.201,1284.24,1388.2,1530.02,204.2,11.6847,4.53515,6.53319,11.4002,16.8159,8.66133,4.6,1.49666,2.8,5,6,2,311,127.864,163.6,346,446.2,156,780,173.424,615.6,777,972.2,152,-4118.2,2528.82,-6831,-3290,-2237.2,542,27420.8,66197.3,-46213.8,18783,100874,86619,975.05,41.55,941.81,975.05,1008.29,41.55,5,3,2.6,5,7.4,3,437.5,38.5,406.7,437.5,468.3,38.5,904,139,792.8,904,1015.2,139,-1131,633,-1637.4,-1131,-624.6,633,-42690,15041,-54722.8,-42690,-30657.2,15041,1,51.3841,24.9092,17.713,52.2381,83.0049,39.5128,30.4071,14.7556,12.1887,27.2244,47.8378,17.0642
session_005_window_5,session_005,candidate_04,5,103.711,27.1352,75.68,99.8,140.44,30.1,261.502,140.142,144.69,216.75,427.57,112.375,158.023,144.268,23.83,122.15,330.5,127.2,0.04,0,0.192,0,35.1566,1348.07,1512.58,68.1201,745.628,3666.6,1857.45,1721.14,106800,-125371,-895.576,126067,57228.2,0.199815,0.424514,0.0057438,0.0749226,0.359088,0.141213,0.0617696,1595.22,206.808,1399.2,1481.8,1852.18,353.8,13.9269,4.86589,9.06926,12.758,19.5741,4.4501,5,0.894427,4,5,6,2,455.8,277.875,184.2,322,794.4,558,629,187.275,409.6,678,827.6,247,-1542.4,752.061,-1999,-1901,-742.2,157,3716.2,14478,-12512.4,2929,19681,17329,1020.65,3.15,1018.13,1020.65,1023.17,3.15,4.5,0.5,4.1,4.5,4.9,0.5,561,5,557,561,565,5,936.5,3.5,933.7,936.5,939.3,3.5,-1228,545,-1664,-1228,-792,545,-45733.5,20499.5,-62133.1,-45733.5,-29333.9,20499.5,1,176.088,151.889,20.5538,126.636,414.75,278.15,19.8951,11.6016,7.71962,16.4898,39.9097,13.3479
session_007_window_1,session_007,candidate_02,1,65.1856,10.0046,51.64,67.3,77.08,14.9,384.245,259.295,176.05,282.45,725,225.4,319.035,259.633,106.45,219.45,646.95,229.525,0,0,0.175258,0,26.0251,639.405,865.87,39.6339,305.418,1662.13,805.573,332.13,37690.2,-30869.8,-348.069,31055.6,15435.3,0.234187,0.462097,0,0.0798338,0.525533,0.231155,0.0601002,1357.7,739.757,932.54,1015.4,2119.6,41,7.51271,3.88363,3.12355,8.38023,11.5372,3.52199,6.2,0.979796,5.4,6,7.2,0,493.4,76.6879,413.2,483,583.8,101,485,191.379,290.6,471,708.6,262,-1857.6,1785.41,-3763.6,-1863,-48.2,1028,-103152,86067.5,-203959,-62628,-37065.2,64186,1577.8,148.5,1459,1577.8,1696.6,148.5,11.5,0.5,11.1,11.5,11.9,0.5,608,42,574.4,608,641.6,42,703.5,102.5,621.5,703.5,785.5,102.5,-3595,859,-4282.2,-3595,-2907.8,859,-147438,94001.5,-222639,-147438,-72236.3,94001.5,1,95.6236,82.6315,20.3201,72.8372,152.745,75.4229,17.8309,13.0898,5.71661,14.4667,36.5775,11.1987
session_007_window_2,session_007,candidate_02,2,58.1656,11.1023,46,61.45,68.35,14.075,423.436,311.315,200.88,302.9,870.04,259.05,365.202,309.291,141.94,251.1,806.08,244.95,0.0104167,0,0.145833,0,24.1632,500.439,447.009,72.0544,361.493,1146.43,544.616,253.154,22091.1,-26677.4,-180.574,26544.2,16031.3,0.113542,0.291766,0,0.0330193,0.244974,0.110654,0.0217028,922.46,55.9433,859.9,931.2,985.06,93.9,8.66656,5.81955,3.74171,6.18082,15.6545,5.76548,6.4,2.24499,4.2,6,8.8,1,412.4,48.2435,353.2,434,460.4,82,494.4,275.227,301.2,391,790.4,65,-3183.4,1065.63,-4313,-3301,-1930,1471,-33248.6,111616,-171066,39548,53731.2,122117,1169.6,0.6,1169.12,1169.6,1170.08,0.6,11.5,0.5,11.1,11.5,11.9,0.5,377.5,5.5,373.1,377.5,381.9,5.5,844.5,44.5,808.9,844.5,880.1,44.5,-2028.5,105.5,-2112.9,-2028.5,-1944.1,105.5,-202546,24311.5,-221996,-202546,-183097,24311.5,1,60.2914,53.9321,15.3445,46.7243,131.209,42.3535,16.5525,8.57892,4.45652,16.5778,28.9513,11.8815
session_007_window_3,session_007,candidate_02,3,63.9103,11.2733,51.36,66,76.56,14.5,1106.38,7479.56,174.35,259.35,664.6,231.875,1042.56,7479.26,108.05,195.6,607.15,231.475,0.0515464,0,0.185567,0,8.3606,281.783,341.594,39.4453,145.679,760.1,299.902,225.35,15681.2,-13102.1,-161.293,13687.5,5753.66,0.213155,0.450351,0,0.0257594,0.753609,0.213403,0.0634391,885.06,99.2791,798.74,863.8,992.24,30.6,9.52019,4.55956,4.92599,8.2913,15.0754,7.92573,4.8,2.03961,2.6,5,6.6,1,366.4,49.3542,320,350,422.8,32,392.8,124.54,249.4,400,524.8,147,-5724.8,1291.83,-6938.6,-6514,-4143.2,2367,119861,117208,-2162.6,81503,255557,142722,907.15,179.65,763.43,907.15,1050.87,179.65,4,1,3.2,4,4.8,1,158.5,158.5,31.7,158.5,285.3,158.5,1430,341,1157.2,1430,1702.8,341,-3262,880,-3966,-3262,-2558,880,-594291,196043,-751125,-594291,-437457,196043,0.5,44.8937,26.2461,10.8561,42.0459,75.7108,39.9381,13.3522,8.01433,5.71724,11.084,24.2936,10.7034
session_007_window_4,session_007,candidate_02,4,62.1437,10.7329,47.25,63.05,73.4,12.3,342.224,214.923,175.04,247.5,597.9,234.2,280.133,217.258,116.28,184.5,539.92,243.1,0.0833333,0,0.166667,0,26.5754,359.75,974.349,20.1904,82.8145,761.51,136.176,2259.1,66157.5,-8781.07,-107.826,6147.97,4329.94,0.232986,0.432489,0,0.03535,0.785375,0.321721,0.143573,837.26,168.65,695.18,784.3,1033.3,143,8.47186,5.62,3.03615,6.65408,15.2339,6.41227,5.2,3.05941,2.2,4,8.8,3,316.6,103.531,212.8,299,431,67,722.6,108.02,617,668,855,169,-3213.2,2626.63,-6516.8,-1456,-1010.4,3650,-25076,108906,-128881,-90204,106380,196658,1136.5,77,1074.9,1136.5,1198.1,77,8.5,1.5,7.3,8.5,9.7,1.5,499.5,100.5,419.1,499.5,579.9,100.5,907.5,22.5,889.5,907.5,925.5,22.5,-3269,552,-3710.6,-3269,-2827.4,552,-251295,157104,-376978,-251295,-125612,157104,1,46.6628,30.0645,11.2028,40.2209,90.6854,52.004,15.408,4.75589,8.86237,15.5251,21.3437,7.23298
session_007_window_5,session_007,candidate_02,5,65.2625,11.2202,51.55,64.65,79.4,15.05,361.354,341.887,167.2,262.35,651.35,148.825,268.921,215.557,108.04,194.6,564.74,131.7,0.0618557,0,0.195876,0,24.9063,978.509,1581.64,38.4922,325.485,2594.69,979.473,2276.15,85760,-38315,-385.226,38700.8,17030.8,0.20503,0.50137,0,0.0591955,0.463638,0.155152,0.0734558,886.24,93.5054,784.76,915.6,959.28,25,8.49624,3.97482,3.67952,10.4663,12.361,8.18894,6.6,3.38231,3,6,10.6,7,389.4,100.861,263.4,450,475.2,132,712.2,153.7,561.8,663,899.8,218,-3469,4102.2,-8609,-935,-44,5709,-152438,143703,-311275,-137922,-15256.8,90727,1250.15,86.25,1181.15,1250.15,1319.15,86.25,11.5,0.5,11.1,11.5,11.9,0.5,441,43,406.6,441,475.4,43,816,63,765.6,816,866.4,63,-1005,1574,-2264.2,-1005,254.2,1574,-147242,18998.5,-162440,-147242,-132043,18998.5,1,51.4308,25.1839,17.806,50.7492,88.8177,25.0135,20.1426,9.65897,6.45467,19.1595,33.6028,13.5654
session_008_window_1,session_008,candidate_07,1,100.249,21.166,76.08,98.35,127.92,22.1,404.654,230.134,204.7,309.9,746.5,279.6,304.272,232.751,102.1,204.6,644.5,275.7,0.0121951,0,0.182927,0,24.1633,815.132,1212.03,44.4267,368.652,2017.27,915.644,827.37,47913.9,-34595.5,-34.8213,35687.7,20068.4,0.286608,0.463471,0,0.124355,0.785398,0.311083,0.0884808,1271.56,648.246,841.3,931.6,2000.74,305.4,10.3302,5.22475,4.45908,11.4976,16.0477,7.71778,5.4,2.05913,2.8,7,7,3,303.2,128.144,189.8,233,463.4,183,761.2,375.371,421.2,608,1200.8,272,-3331.2,2607.62,-6567.2,-2074,-818.2,4255,-111776,142333,-282537,-70429,29520,169538,918,33.4,891.28,918,944.72,33.4,11,1,10.2,11,11.8,1,508.5,8.5,501.7,508.5,515.3,8.5,941,7,935.4,941,946.6,7,-825,297,-1062.6,-825,-587.4,297,10754.5,8813.5,3703.7,10754.5,17805.3,8813.5,1,65.6816,78.2591,16.195,43.28,98.4252,33.0616,17.4681,11.4187,4.05498,16.1788,30.0473,17.6394
session_008_window_2,session_008,candidate_07,2,96.6207,22.5214,73.65,94.05,122.67,28.675,460.632,297.196,192.7,319,903.2,377.9,364.457,301.016,100.2,226.5,829,411.8,0.0487805,0,0.121951,0,21.8701,726.783,716.166,59.4885,532.544,1616.64,909.639,732.748,30335.6,-29886.6,-32.6699,32049.3,23514.9,0.152599,0.453146,0,0,0.321751,0.124355,0.0601002,797.4,136.435,630.96,857,926.24,159.8,7.85724,3.40267,4.18049,9.02775,10.2974,1.06041,4.2,1.32665,2.8,4,5.6,1,230,125.167,79.6,267,360.2,250,700.8,299.781,400,614,1067,505,-3893.8,3401.11,-8114,-2011,-898.8,4190,-38779.8,120810,-163993,-32174,93319.2,101884,1034.05,19.65,1018.33,1034.05,1049.77,19.65,6.5,0.5,6.1,6.5,6.9,0.5,457,60,409,457,505,60,1363.5,97.5,1285.5,1363.5,1441.5,97.5,-1494,1159,-2421.2,-1494,-566.8,1159,-38447.5,4903.5,-42370.3,-38447.5,-34524.7,4903.5,1,70.3129,68.6923,14.1404,47.4006,195.146,56.5219,13.3546,6.76283,4.03098,13.9335,22.4007,10.1494
session_008_window_3,session_008,candidate_07,3,101.852,23.8772,78.96,100.9,128.96,27.1,880.545,2863.73,191.79,332.4,1204.45,613.875,778.296,2860.8,81.46,229,1108.05,622.325,0.204819,0.060241,0.120482,0,8.30971,398.268,503.649,30.0844,239.521,952.399,418.715,595.718,19537.5,-16321,-112.472,18036.4,12577.6,0.306283,0.503943,0,0.0974986,0.785398,0.432408,0.100167,1046.9,286.342,753.62,966.1,1395.52,500.3,18.099,4.73584,12.5197,18.7586,23.0941,6.28778,6.2,2.48193,4.4,5,9,1,313.2,132.519,190,250,473,133,867.6,151.045,701.4,902,1023.2,119,-1098.2,3075.11,-3854.2,-2215,2599.8,3304,-105171,94604.4,-223494,-50856,-20092,134296,998.9,40,966.9,998.9,1030.9,40,6.5,0.5,6.1,6.5,6.9,0.5,580,164,448.8,580,711.2,164,1024,22,1006.4,1024,1041.6,22,-304,291,-536.8,-304,-71.2,291,-36883.5,37267.5,-66697.5,-36883.5,-7069.5,37267.5,1,41.2404,24.237,10.6588,40.9869,71.5888,40.3316,9.39166,5.00867,4.06796,7.41687,17.4415,7.67144
session_008_window_4,session_008,candidate_07,4,106.802,26.4684,75.8,102.3,142.5,44.9,369.919,355.26,161.9,260,677.5,218.6,230.968,219.294,37.37,151.75,579.6,244.575,0.0731707,0,0.170732,0,24.8303,524.5,971.451,21.2217,133.896,1461.26,353.459,627.548,25799.8,-15794.2,-15.9586,17604.6,7889.52,0.340855,0.547425,0,0.0906599,0.785398,0.463648,0.131886,885.2,111.964,790,851.8,1010.42,51.1,8.62356,4.72348,3.80731,8.92386,13.8855,5.14699,5.4,1.49666,4,5,7.2,2,206.8,83.31,133.4,167,310,116,1043.8,259.521,769.6,1067,1316,166,-3255.2,3143.56,-6782.2,-2756,-332.6,2090,-78423.2,54221.6,-137797,-64842,-31607.4,19470,927.3,128.6,824.42,927.3,1030.18,128.6,5.5,1.5,4.3,5.5,6.7,1.5,467.5,56.5,422.3,467.5,512.7,56.5,1452,365,1160,1452,1744,365,-2399,1101,-3279.8,-2399,-1518.2,1101,-80464,65612,-132954,-80464,-27974.4,65612,1,41.6884,28.4239,9.63635,34.6327,83.6571,42.3981,14.2435,8.11165,5.42084,12.0234,27.3164,11.3362
session_008_window_5,session_008,candidate_07,5,98.3551,26.0724,74.94,88.95,141.07,37.025,380.335,371.586,160.5,246.8,731.4,187.6,244.544,267.473,39.54,155,615.52,199.6,0.0731707,0,0.158537,0,24.5398,918.929,1198.77,42.552,429.232,2498.62,1108.06,474.54,38589.2,-33294.4,360.705,33945.7,23176.4,0.235336,0.47187,0,0.0747782,0.588003,0.244979,0.0751252,1038.92,181.443,865.94,964.2,1263.34,272,8.68952,5.13548,4.56179,7.26036,14.5032,3.79898,6,2.75681,2.8,6,9,5,376.8,178.381,203.2,334,583.4,151,1007.6,331.256,631.2,1106,1298.8,190,-3841.8,2975.96,-6990.8,-3504,-1038.6,992,-74535,66556.3,-149095,-76927,-1470.4,76240,858.8,147.8,740.56,858.8,977.04,147.8,6,3,3.6,6,8.4,3,384,100,304,384,464,100,1215,102,1133.4,1215,1296.6,102,-1349,759,-1956.2,-1349,-741.8,759,-26979,21278,-44001.4,-26979,-9956.6,21278,1,34.1781,21.5229,13.5407,27.989,63.1827,28.1346,15.6615,5.91736,8.54572,14.7117,23.5407,7.55469
